{
  "lesson_id": "respiration1772027707",
  "total_duration": 268.13599999999997,
  "chunk_count": 3,
  "pause_duration": 0.7,
  "chunks": [
    {
      "index": 0,
      "file": "/static/audio/respiration1772027707_chunk_0.mp3",
      "duration": 126.144,
      "start_time": 0.0
    },
    {
      "index": 1,
      "file": "/static/audio/respiration1772027707_chunk_1.mp3",
      "duration": 124.416,
      "start_time": 126.84400000000001
    },
    {
      "index": 2,
      "file": "/static/audio/respiration1772027707_chunk_2.mp3",
      "duration": 16.176,
      "start_time": 251.95999999999998
    }
  ]
}